distribution,cpfa_mean_score,ahcfa_mean_score,absolute_mean_gain,score_improvement_percent,cpfa_median_score,ahcfa_median_score,absolute_median_gain,paired_mean_delta,paired_median_delta,paired_wins,paired_ties,paired_losses,paired_runs,wilcoxon_p_value
Random,68.26,70.7,2.4399999999999977,3.5745678288895366,67.0,69.0,2.0,2.44,2.0,29,2,19,50,0.27508612252841336
Powerlaw,81.26,92.0,10.739999999999995,13.216834851095243,81.5,87.0,5.5,10.74,10.5,35,1,14,50,0.0028071084336125335
Clustered,70.08,74.4,4.320000000000007,6.164383561643846,73.0,74.5,1.5,4.32,4.0,37,1,12,50,0.0005150553897133978
