distribution,cpfa_4min_mean,cpfa_8min_mean,cpfa_12min_mean,ahcfa_4min_mean,ahcfa_8min_mean,ahcfa_12min_mean,4min_improvement_percent,8min_improvement_percent,12min_improvement_percent
Random,25.54,45.3,68.24,26.2,47.04,70.7,2.5841816758026632,3.841059602649011,3.6049237983587457
Powerlaw,28.52,54.08,81.24,31.26,60.2,91.98,9.607293127629742,11.316568047337286,13.220088626292478
Clustered,24.38,48.04,70.08,25.56,50.46,74.4,4.840032813781788,5.0374687760199865,6.164383561643846
