score,time_seconds,seed
157.000000, 720.000000, 1
136.000000, 720.000000, 2
142.000000, 720.000000, 3
155.000000, 720.000000, 4
151.000000, 720.000000, 5
156.000000, 720.000000, 6
152.000000, 720.000000, 7
152.000000, 720.000000, 8
