distribution,algorithm,runs,mean_score,median_score,std_score,min_score,max_score,mean_time,median_time
Clustered,AHCFA,50,74.76,76.0,12.245048978660558,43.0,105.0,720.0,720.0
Clustered,CPFA,50,73.04,73.5,14.251330048920535,40.0,96.0,720.0,720.0
Powerlaw,AHCFA,50,141.8,149.0,23.064240366278465,65.0,180.0,720.0,720.0
Powerlaw,CPFA,50,146.3,148.0,18.804309102339456,60.0,173.0,720.0,720.0
Random,AHCFA,50,193.86,195.0,5.042715497808366,183.0,205.0,720.0,720.0
Random,CPFA,50,193.5,193.0,4.908343583602709,181.0,203.0,720.0,720.0
